тљЇТгА,ТўхуД░,у╗ётѕФ,Тђ╗тѕє,ТюђтљјТЈљС║цТЌХжЌ┤
1,sjfh #тЏ»тЁД,ти▓т░ЂудЂ,4358,2024-10-17 04:56:18
2,CLRT #тЦќСИђСИфт░Ју▒│ТЅІуј»,ти▓т░ЂудЂ,4142,2024-10-17 04:44:30
3,Colma,ти▓т░ЂудЂ,2162,2024-10-16 21:25:59
4,Eureka,ти▓т░ЂудЂ,2019,2024-10-17 10:39:06
5,odysseus,ти▓т░ЂудЂ,1712,2024-10-17 11:40:02
6,huige233 #b50жЄїТюЅСИќу╗ѕ #ТЅЊctfСИЇтдѓуЮАУДЅ,ти▓т░ЂудЂ,1581,2024-10-14 16:20:09
7,Ren #уџёуЅЏуЅЏтЃЈУќ»ТЮА УЎйуёХУй»Уй»уџётљЃУхиТЮЦждЎждЎ,ти▓т░ЂудЂ,1389,2024-10-18 01:52:10
8,Cat^2Fish #­Ъљ▒­Ъљ▒­ЪљЪ is cute,ти▓т░ЂудЂ,1382,2024-10-13 15:51:22
9,slowpath,ти▓т░ЂудЂ,1314,2024-10-14 14:52:58
10,Luckyblock #ТѕЉСИЇТў»ТЮЦТЅЊACMуџётљЌ№╝Ъ,ти▓т░ЂудЂ,1298,2024-10-16 08:18:27
11,baooo,ти▓т░ЂудЂ,1236,2024-10-18 21:35:45
12,joker,ти▓т░ЂудЂ,1104,2024-10-16 18:50:38
13,dongloong,ти▓т░ЂудЂ,973,2024-10-16 21:04:16
14,tyyуѕ▒УхцуЪ│,ти▓т░ЂудЂ,973,2024-10-17 11:18:01
15,alice,ти▓т░ЂудЂ,957,2024-10-16 20:57:23
16,у┤ФУЇєтЏГжБЪтаѓу║бУЅ▓тюєтюѕуѓњт«ФуѕєтЁФтЇЂСИђ,ти▓т░ЂудЂ,913,2024-10-13 13:19:09
17,yihu,ти▓т░ЂудЂ,847,2024-10-15 16:01:33
18,KOKUMI-RESURRECTION-,ти▓т░ЂудЂ,800,2024-10-16 09:40:57
19,Maeo,ти▓т░ЂудЂ,774,2024-10-15 15:15:32
20,ctrla,ти▓т░ЂудЂ,746,2024-10-18 06:45:56
21,tgs9311,ти▓т░ЂудЂ,717,2024-10-14 20:40:25
22,Lee,ти▓т░ЂудЂ,680,2024-10-15 11:58:10
23,жИАТ»ЏУЈю,ти▓т░ЂудЂ,622,2024-10-15 15:19:44
24,Nanian233,ти▓т░ЂудЂ,615,2024-10-15 11:08:32
25,ТхЂТхфС╗ћ,ти▓т░ЂудЂ,593,2024-10-15 19:03:36
26,сЃјсЃГсЃІ,ти▓т░ЂудЂ,577,2024-10-14 22:23:13
27,sha1,ти▓т░ЂудЂ,567,2024-10-12 16:30:10
28,larryzhong,ти▓т░ЂудЂ,565,2024-10-13 19:21:37
29,BagPipeOuO,ти▓т░ЂудЂ,549,2024-10-15 20:24:59
30,№╝ѕти▓жЄЇуй«№╝Ѕ,ти▓т░ЂудЂ,529,2024-10-12 20:24:15
31,Nanian233,ти▓т░ЂудЂ,484,2024-10-14 13:15:38
32,Anchorite,ти▓т░ЂудЂ,477,2024-10-16 14:35:26
33,СИђСИфтЮЉ,ти▓т░ЂудЂ,411,2024-10-13 12:21:06
34,тїЌТъЂС╗Ўу┐Ђ,ти▓т░ЂудЂ,397,2024-10-13 02:54:45
35,jingheng,ти▓т░ЂудЂ,397,2024-10-15 16:01:58
36,уйЌт░Јж╗Љ,ти▓т░ЂудЂ,374,2024-10-12 22:04:40
37,sl,ти▓т░ЂудЂ,370,2024-10-15 21:31:46
38,LancyMorry,ти▓т░ЂудЂ,334,2024-10-15 11:49:44
39,Satori5ama,ти▓т░ЂудЂ,330,2024-10-12 18:00:31
40,yangguanyeyeye,ти▓т░ЂудЂ,326,2024-10-19 10:35:44
41,nicholasdezai,ти▓т░ЂудЂ,294,2024-10-13 00:36:42
42,УіЎт«ЂтеюУ┐ЄТЮЦујЕТИИТѕЈтЋд!,ти▓т░ЂудЂ,294,2024-10-13 09:51:55
43,RongYan,ти▓т░ЂудЂ,294,2024-10-14 09:12:32
44,qqqqxxxx,ти▓т░ЂудЂ,260,2024-10-17 16:39:49
45,ТЅІТЊђжЮб,ти▓т░ЂудЂ,238,2024-10-14 16:44:22
46,Palve #уГЙт«їтѕ░ТѕЉт░▒УиЉ,ти▓т░ЂудЂ,236,2024-10-12 17:16:15
47,abalone_27,ти▓т░ЂудЂ,236,2024-10-13 00:05:06
48,shenzexi,ти▓т░ЂудЂ,232,2024-10-15 15:05:24
49,тљгжБј,ти▓т░ЂудЂ,225,2024-10-14 17:38:53
50,retort,ти▓т░ЂудЂ,205,2024-10-12 19:59:03
51,cyc,ти▓т░ЂудЂ,205,2024-10-13 01:01:14
52,Frandka_02,ти▓т░ЂудЂ,202,2024-10-17 14:09:05
53,уЋЈТЃДС║є,ти▓т░ЂудЂ,194,2024-10-14 17:34:16
54,Т▒ЪТи«тдц,ти▓т░ЂудЂ,194,2024-10-16 16:41:00
55,XBWCC,ти▓т░ЂудЂ,183,2024-10-17 16:11:15
56,ТѓетЦй,ти▓т░ЂудЂ,180,2024-10-12 20:50:58
57,тЇЌтЪј,ти▓т░ЂудЂ,180,2024-10-14 01:05:08
58,­Ъцћ,ти▓т░ЂудЂ,180,2024-10-14 19:29:03
59,Heaven_Lord,ти▓т░ЂудЂ,180,2024-10-15 20:29:11
60,liu,ти▓т░ЂудЂ,180,2024-10-18 11:18:58
61,abcde,ти▓т░ЂудЂ,179,2024-10-17 13:55:48
62,uigykuf,ти▓т░ЂудЂ,169,2024-10-17 15:51:08
63,azwwwww,ти▓т░ЂудЂ,145,2024-10-12 15:10:48
64,УЅЙТќ»тЙиТќ»ућхт╝Д,ти▓т░ЂудЂ,145,2024-10-16 08:45:41
65,Moo,ти▓т░ЂудЂ,140,2024-10-15 01:22:30
66,5m10v3,ти▓т░ЂудЂ,123,2024-10-12 13:00:11
67,yangguangmamama,ти▓т░ЂудЂ,104,2024-10-13 20:28:03
68,Simon1028,ти▓т░ЂудЂ,104,2024-10-14 14:57:42
69,тЦЦтѕЕт«ЅУ┤╣,ти▓т░ЂудЂ,103,2024-10-12 13:23:51
70,x,ти▓т░ЂудЂ,90,2024-10-17 12:28:30
71,Jijoy,ти▓т░ЂудЂ,87,2024-10-12 12:30:03
72,Distance,ти▓т░ЂудЂ,87,2024-10-12 12:31:39
73,zcy,ти▓т░ЂудЂ,87,2024-10-13 13:07:33
74,KyleLi,ти▓т░ЂудЂ,87,2024-10-14 11:36:36
75,YOUTH,ти▓т░ЂудЂ,87,2024-10-15 17:31:17
76,ТИЁТ░┤уЁ«уйЌтЇю,ти▓т░ЂудЂ,83,2024-10-17 14:19:34
77,Raven#Tod,ти▓т░ЂудЂ,60,2024-10-18 18:10:05
78,xlan,ти▓т░ЂудЂ,31,2024-10-12 13:00:10
79,сђљт╣┐тЉіСйЇТІЏуДЪсђЉ,ти▓т░ЂудЂ,31,2024-10-12 13:55:32
80,тЈ»С╣љжИАУЁ┐тё┐,ти▓т░ЂудЂ,31,2024-10-12 14:11:22
81,red0,ти▓т░ЂудЂ,31,2024-10-12 15:06:35
82,СИЇС╝џжБъуџётцДУЃќж╣Ё,ти▓т░ЂудЂ,31,2024-10-12 20:31:10
83,yjj,ти▓т░ЂудЂ,31,2024-10-13 21:59:29
84,FrandKa,ти▓т░ЂудЂ,31,2024-10-14 10:26:28
85,lyq,ти▓т░ЂудЂ,31,2024-10-14 23:12:30
86,YOUTH,ти▓т░ЂудЂ,31,2024-10-15 15:58:59
87,Ever727,ти▓т░ЂудЂ,31,2024-10-17 11:44:51
88,Clever_Jimmy,ти▓т░ЂудЂ,31,2024-10-17 11:47:20
